Player Name, Position, Nationality, Club, Height, DoB, Goals,Season,Season
Mehdi Abeid, Midfielder, Algeria,Newcastle United,181cm,06/08/1992,0,2012/13,2012/13
Abou Diaby, Midfielder, France,Arsenal,191cm,11/05/1986,0,2012/13,2012/13
Mohammed Abu, Midfielder, Ghana,Manchester City,170cm,14/11/1991,0,2012/13,2012/13
Charlie Adam, Midfielder, Scotland,Stoke City,185cm,10/12/1985,3,2012/13,2012/13
Blair Adams, Defender, England,Sunderland,180cm,08/09/1991,0,2012/13,2012/13
Emmanuel Adebayor, Forward, Togo,Tottenham Hotspur,191cm,26/02/1984,5,2012/13,2012/13
Tom Adeyemi, Midfielder, England,Brentford,185cm,24/10/1991,0,2012/13,2012/13
Krisztian Adorjan, Midfielder, Hungary,Liverpool,184cm,19/01/1993,0,2012/13,2012/13
Benik Afobe, Forward, DR Congo,Arsenal,183cm,12/02/1993,0,2012/13,2012/13
Gabriel Agbonlahor, Forward, England,Aston Villa,180cm,13/10/1986,9,2012/13,2012/13
Daniel Agger, Defender, Denmark,Liverpool,188cm,12/12/1984,3,2012/13,2012/13
Sergio Agüero, Forward, Argentina,Manchester City,173cm,02/06/1988,12,2012/13,2012/13
Ahmed El Mohamady, Defender, Egypt,Sunderland,183cm,09/09/1987,0,2012/13,2012/13
Nathan Aké, Defender, Netherlands,Chelsea,180cm,18/02/1995,0,2012/13,2012/13
Hope Akpan, Midfielder, Nigeria,Reading,182cm,14/08/1991,0,2012/13,2012/13
Chuba Akpom, Forward, England,Arsenal,183cm,09/10/1995,0,2012/13,2012/13
Marc Albrighton, Midfielder, England,Aston Villa,175cm,18/11/1989,0,2012/13,2012/13
Antolín Alcáraz, Defender, Paraguay,Wigan Athletic,187cm,30/07/1982,0,2012/13,2012/13
Alex Nimely, Forward, England,Crystal Palace,180cm,11/05/1991,0,2012/13,2012/13
Alexander Büttner, Defender, Netherlands,Manchester United,174cm,11/02/1989,2,2012/13,2012/13
Daniel Alfei, Defender, Wales,Swansea City,180cm,23/02/1992,0,2012/13,2012/13
Ali Al Habsi, Goalkeeper, Oman,Wigan Athletic,194cm,30/12/1981,0,2012/13,2012/13
Scott Allan, Midfielder, Scotland,Portsmouth,175cm,28/11/1991,0,2012/13,2012/13
Joe Allen, Midfielder, Wales,Liverpool,170cm,14/03/1990,0,2012/13,2012/13
Jak Alnwick, Goalkeeper, England,Newcastle United,187cm,17/06/1993,0,2012/13,2012/13
Alou Diarra, Midfielder, France,West Ham United,190cm,15/07/1981,0,2012/13,2012/13
Romain Amalfitano, Midfielder, France,Newcastle United,175cm,27/08/1989,0,2012/13,2012/13
Sammy Ameobi, Forward, England,Newcastle United,190cm,01/05/1992,0,2012/13,2012/13
David Amoo, Forward, England,Preston North End,178cm,13/04/1991,0,2012/13,2012/13
Ben Amos, Goalkeeper, England,Hull City,180cm,10/04/1990,0,2012/13,2012/13
Mikkel Andersen, Goalkeeper, Denmark,Reading,195cm,17/12/1988,0,2012/13,2012/13
Anderson, Midfielder, Brazil,Manchester United,176cm,13/04/1988,1,2012/13,2012/13
André Santos, Midfielder, Brazil,Arsenal,180cm,08/03/1983,0,2012/13,2012/13
Chuks Aneke, Forward, England,Arsenal,191cm,03/07/1993,0,2012/13,2012/13
Martin Angha, Defender, Switzerland,Arsenal,188cm,22/01/1994,0,2012/13,2012/13
Victor Anichebe, Forward, Nigeria,Everton,191cm,23/04/1988,6,2012/13,2012/13
Vurnon Anita, Midfielder, Curacao,Newcastle United,168cm,04/04/1989,0,2012/13,2012/13
Zak Ansah, Forward, England,Arsenal,179cm,04/05/1994,0,2012/13,2012/13
Jordan Archer, Goalkeeper, Scotland,Tottenham Hotspur,186cm,12/04/1993,0,2012/13,2012/13
Diego Arismendi, Midfielder, Uruguay,Stoke City,189cm,25/01/1988,0,2012/13,2012/13
Nick Arnold, Defender, England,Reading,180cm,03/07/1993,0,2012/13,2012/13
Andrey Arshavin, Midfielder, Russia,Arsenal,172cm,29/05/1981,0,2012/13,2012/13
Mikel Arteta, Midfielder, Spain,Arsenal,183cm,26/03/1982,6,2012/13,2012/13
Oussama Assaidi, Midfielder, Morocco,Liverpool,177cm,15/08/1988,0,2012/13,2012/13
Benoit Assou-Ekotto, Defender, Cameroon,Tottenham Hotspur,178cm,24/03/1984,1,2012/13,2012/13
Daniel Ayala, Defender, Spain,Nottingham Forest,190cm,07/11/1990,0,2012/13,2012/13
César Azpilicueta, Defender, Spain,Chelsea,178cm,28/08/1989,0,2012/13,2012/13
Demba Ba, Forward, Senegal,Chelsea,189cm,25/05/1985,2,2012/13,2012/13
Leighton Baines, Defender, England,Everton,170cm,11/12/1984,5,2012/13,2012/13
Chris Baird, Defender, Northern Ireland,Fulham,185cm,25/02/1982,2,2012/13,2012/13
Nathan Baker, Defender, England,Aston Villa,188cm,23/04/1991,0,2012/13,2012/13
Angelo Balanta, Forward, Colombia,Queens Park Rangers,179cm,01/07/1990,0,2012/13,2012/13
Sam Baldock, Forward, England,West Ham United,170cm,15/03/1989,0,2012/13,2012/13
Gareth Bale, Forward, Wales,Tottenham Hotspur,186cm,16/07/1989,21,2012/13,2012/13
Mario Balotelli, Forward, Italy,Manchester City,189cm,12/08/1990,1,2012/13,2012/13
Patrick Bamford, Forward, England,Chelsea,185cm,05/09/1993,0,2012/13,2012/13
Barry Bannan, Midfielder, Scotland,Aston Villa,169cm,01/12/1989,0,2012/13,2012/13
Charles Banya, Midfielder, England,Fulham,170cm,18/09/1993,0,2012/13,2012/13
Phil Bardsley, Defender, Scotland,Sunderland,180cm,28/06/1985,1,2012/13,2012/13
Ross Barkley, Midfielder, England,Everton,189cm,05/12/1993,0,2012/13,2012/13
Lee Barnard, Forward, England,Oldham Athletic,178cm,18/07/1984,0,2012/13,2012/13
Leon Barnett, Defender, England,Cardiff City,185cm,30/11/1985,0,2012/13,2012/13
Gareth Barry, Midfielder, England,Manchester City,185cm,23/02/1981,1,2012/13,2012/13
Jack Barthram, Defender, England,Tottenham Hotspur,184cm,13/10/1993,0,2012/13,2012/13
Kyle Bartley, Defender, England,Swansea City,185cm,22/05/1991,0,2012/13,2012/13
Joey Barton, Midfielder, England,Queens Park Rangers,172cm,02/09/1982,0,2012/13,2012/13
Sebastien Bassong, Defender, Cameroon,Norwich City,187cm,09/07/1986,3,2012/13,2012/13
Jean Beausejour, Midfielder, Chile,Wigan Athletic,178cm,01/06/1984,1,2012/13,2012/13
Bebé, Forward, Cape Verde,Manchester United,190cm,12/07/1990,0,2012/13,2012/13
Luciano Becchio, Forward, Argentina,Norwich City,187cm,28/12/1983,0,2012/13,2012/13
Asmir Begovic, Goalkeeper, Bosnia & Herzegovina,Stoke City,199cm,20/06/1987,0,2012/13,2012/13
Héctor Bellerín, Defender, Spain,Arsenal,178cm,19/03/1995,0,2012/13,2012/13
Hatem Ben Arfa, Midfielder, France,Newcastle United,178cm,07/03/1987,4,2012/13,2012/13
Tal Ben Haim, Defender, Israel,Queens Park Rangers,183cm,31/03/1982,0,2012/13,2012/13
Yossi Benayoun, Midfielder, Israel,West Ham United  (Loan),178cm,05/05/1980,0,2012/13,2012/13
Nicklas Bendtner, Forward, Denmark,Arsenal,193cm,16/01/1988,0,2012/13,2012/13
Joe Bennett, Defender, England,Aston Villa,183cm,28/03/1990,0,2012/13,2012/13
Darren Bent, Forward, England,Aston Villa,180cm,06/02/1984,3,2012/13,2012/13
Christian Benteke, Forward, Belgium,Aston Villa,190cm,03/12/1990,19,2012/13,2012/13
David Bentley, Midfielder, England,Tottenham Hotspur,175cm,27/08/1984,0,2012/13,2012/13
Saido Berahino, Forward, Burundi,Peterborough United,180cm,04/08/1993,0,2012/13,2012/13
Dimitar Berbatov, Forward, Bulgaria,Fulham,188cm,30/01/1981,15,2012/13,2012/13
Ryan Bertrand, Defender, England,Chelsea,179cm,05/08/1989,0,2012/13,2012/13
Federico Bessone, Defender, Argentina,Swansea City,179cm,23/01/1984,0,2012/13,2012/13
Marcus Bettinelli, Goalkeeper, England,Fulham,194cm,24/05/1992,0,2012/13,2012/13
Jake Bidwell, Defender, England,Everton,183cm,21/03/1993,0,2012/13,2012/13
Gaël Bigirimana, Midfielder, Burundi,Newcastle United,173cm,22/10/1993,1,2012/13,2012/13
Nicholas Bignall, Forward, England,Reading,178cm,11/07/1990,0,2012/13,2012/13
Villyan Bijev, Forward, Bulgaria,Liverpool,183cm,03/01/1993,0,2012/13,2012/13
Jamal Blackman, Goalkeeper, England,Chelsea,199cm,23/10/1993,0,2012/13,2012/13
Daniel Boateng, Defender, England,Arsenal,183cm,02/09/1992,0,2012/13,2012/13
Fabio Borini, Forward, Italy,Liverpool,180cm,29/03/1991,1,2012/13,2012/13
Artur Boruc, Goalkeeper, Poland,Southampton,193cm,20/02/1980,0,2012/13,2012/13
Mauro Boselli, Forward, Argentina,Wigan Athletic,180cm,22/05/1985,0,2012/13,2012/13
John Bostock, Midfielder, Trinidad & Tobago,Tottenham Hotspur,179cm,15/01/1992,0,2012/13,2012/13
Jay Bothroyd, Forward, England,Sheffield Wednesday,191cm,07/05/1982,1,2012/13,2012/13
Jordan Bowery, Forward, England,Aston Villa,185cm,02/07/1991,0,2012/13,2012/13
Dedryck Boyata, Defender, Belgium,Manchester City,188cm,28/11/1990,0,2012/13,2012/13
Emmerson Boyce, Defender, Barbados,Wigan Athletic,180cm,24/09/1979,4,2012/13,2012/13
Robert Brady, Midfielder, Ireland,Manchester United,176cm,14/01/1992,0,2012/13,2012/13
Titus Bramble, Defender, England,Sunderland,185cm,31/07/1981,0,2012/13,2012/13
Wayne Bridge, Defender, England,Brighton & Hove Albion,178cm,05/08/1980,0,2012/13,2012/13
Matthew Briggs, Defender, Guyana,Bristol City,184cm,06/03/1991,0,2012/13,2012/13
Leon Britton, Midfielder, England,Swansea City,168cm,16/09/1982,0,2012/13,2012/13
Reece Brown, Defender, England,Ipswich Town,188cm,01/11/1991,0,2012/13,2012/13
Jeffrey Bruma, Defender, Netherlands,Chelsea,189cm,13/11/1991,0,2012/13,2012/13
Bruno Andrade, Forward, Portugal,Queens Park Rangers,175cm,02/10/1993,0,2012/13,2012/13
Ryan Brunt, Forward, England,Leyton Orient,185cm,26/05/1993,0,2012/13,2012/13
Mark Bunn, Goalkeeper, England,Norwich City,183cm,16/11/1984,0,2012/13,2012/13
Graham Burke, Forward, Ireland,Aston Villa,180cm,21/09/1993,0,2012/13,2012/13
Dan Burn, Defender, England,Fulham,198cm,09/05/1992,0,2012/13,2012/13
Jack Butland, Goalkeeper, England,Birmingham City,196cm,10/03/1993,0,2012/13,2012/13
Jacob Butterfield, Midfielder, England,Bolton Wanderers,180cm,10/06/1990,0,2012/13,2012/13
David Button, Goalkeeper, England,Tottenham Hotspur,191cm,27/02/1989,0,2012/13,2012/13
Adam Buxton, Defender, England,Wigan Athletic,185cm,12/05/1992,0,2012/13,2012/13
Ákos Buzsáky, Midfielder, Hungary,Portsmouth,180cm,07/05/1982,0,2012/13,2012/13
Yohan Cabaye, Midfielder, France,Newcastle United,174cm,14/01/1986,6,2012/13,2012/13
Gary Cahill, Defender, England,Chelsea,193cm,19/12/1985,2,2012/13,2012/13
Gary Caldwell, Defender, Scotland,Wigan Athletic,180cm,12/04/1982,1,2012/13,2012/13
Geoff Cameron, Defender, United States,Stoke City,191cm,11/07/1985,0,2012/13,2012/13
Steven Caulker, Defender, Sierra Leone,Tottenham Hotspur,191cm,29/12/1991,2,2012/13,2012/13
Santi Cazorla, Midfielder, Spain,Arsenal,168cm,13/12/1984,12,2012/13,2012/13
Cristian Ceballos, Forward, Spain,Tottenham Hotspur,173cm,03/12/1992,0,2012/13,2012/13
Petr Cech, Goalkeeper, Czech Republic,Chelsea,196cm,20/05/1982,0,2012/13,2012/13
Radek Cerny, Goalkeeper, Czech Republic,Queens Park Rangers,191cm,18/02/1974,0,2012/13,2012/13
Nathaniel Chalobah, Midfielder, England,Chelsea,187cm,12/12/1994,0,2012/13,2012/13
Marouane Chamakh, Forward, Morocco,West Ham United  (Loan),185cm,10/01/1984,0,2012/13,2012/13
Calum Chambers, Defender, England,Southampton,182cm,20/01/1995,0,2012/13,2012/13
Richard Chaplow, Midfielder, England,Southampton,178cm,02/02/1985,0,2012/13,2012/13
Cheick Tioté, Midfielder, Cote D’Ivoire,Newcastle United,175cm,21/06/1986,0,2012/13,2012/13
Lee Camp, Goalkeeper, Northern Ireland,Norwich City,183cm,22/08/1984,0,2012/13,2012/13
Eduard Campabadal, Defender, Spain,Wigan Athletic,176cm,26/01/1993,0,2012/13,2012/13
Joel Campbell, Forward, Costa Rica,Arsenal,178cm,26/06/1992,0,2012/13,2012/13
Carlos Cuellar, Defender, Spain,Sunderland,190cm,23/08/1981,1,2012/13,2012/13
Carlton Cole, Forward, England,West Ham United,191cm,12/10/1983,2,2012/13,2012/13
Jamie Carragher, Defender, England,Liverpool,185cm,28/01/1978,0,2012/13,2012/13
Michael Carrick, Midfielder, England,Manchester United,188cm,28/07/1981,1,2012/13,2012/13
Andy Carroll, Forward, England,West Ham United  (Loan),193cm,06/01/1989,7,2012/13,2012/13
Samir Carruthers, Midfielder, Ireland,Aston Villa,173cm,04/04/1993,0,2012/13,2012/13
Lee Cattermole, Midfielder, England,Sunderland,178cm,21/03/1988,0,2012/13,2012/13
Chicharito, Forward, Mexico,Manchester United,175cm,01/06/1988,10,2012/13,2012/13
Chico Flores, Defender, Spain,Swansea City,187cm,06/03/1987,0,2012/13,2012/13
Chris David, Midfielder, Netherlands,Fulham,170cm,06/03/1993,0,2012/13,2012/13
Andreas Christensen, Defender, Denmark,Chelsea,187cm,10/04/1996,0,2012/13,2012/13
Simon Church, Forward, Wales,Huddersfield Town,183cm,10/12/1988,0,2012/13,2012/13
Papiss Cissé, Forward, Senegal,Newcastle United,183cm,03/06/1985,8,2012/13,2012/13
Ciaran Clark, Defender, Ireland,Aston Villa,185cm,26/09/1989,1,2012/13,2012/13
Michael Clarkson, Midfielder, England,Stoke City,180cm,11/12/1993,0,2012/13,2012/13
Tom Cleverley, Midfielder, England,Manchester United,175cm,12/08/1989,2,2012/13,2012/13
Gaël Clichy, Defender, France,Manchester City,176cm,26/07/1985,0,2012/13,2012/13
Billy Clifford, Defender, England,Chelsea,170cm,18/10/1992,0,2012/13,2012/13
Nathaniel Clyne, Defender, England,Southampton,175cm,05/04/1991,1,2012/13,2012/13
Conor Coady, Defender, England,Liverpool,185cm,25/02/1993,0,2012/13,2012/13
Sebastián Coates, Defender, Uruguay,Liverpool,196cm,07/10/1990,0,2012/13,2012/13
Jack Colback, Midfielder, England,Sunderland,177cm,24/10/1989,0,2012/13,2012/13
Ashley Cole, Defender, England,Chelsea,176cm,20/12/1980,1,2012/13,2012/13
Séamus Coleman, Defender, Ireland,Everton,177cm,11/10/1988,0,2012/13,2012/13
James Collins, Defender, Wales,West Ham United,188cm,23/08/1983,0,2012/13,2012/13
Jack Collison, Midfielder, Wales,West Ham United,183cm,02/10/1988,2,2012/13,2012/13
Fabricio Coloccini, Defender, Argentina,Newcastle United,183cm,22/01/1982,0,2012/13,2012/13
Peter Crouch, Forward, England,Stoke City,201cm,30/01/1981,7,2012/13,2012/13
Albert Crusat, Midfielder, Spain,Wigan Athletic,165cm,13/05/1982,0,2012/13,2012/13
Carlo Cudicini, Goalkeeper, Italy,Tottenham Hotspur,185cm,06/09/1973,0,2012/13,2012/13
Shaun Cummings, Defender, Jamaica,Reading,183cm,25/02/1989,0,2012/13,2012/13
Florent Cuvelier, Midfielder, Belgium,Peterborough United,182cm,12/09/1992,0,2012/13,2012/13
Lawson D'Ath, Midfielder, England,Cheltenham Town,175cm,24/12/1992,0,2012/13,2012/13
Lauri Dalla Valle, Forward, Finland,Fulham,180cm,14/09/1991,0,2012/13,2012/13
Dani Pacheco, Midfielder, Spain,Liverpool,170cm,05/01/1991,0,2012/13,2012/13
Daniel Carriço, Defender, Portugal,Reading,180cm,04/08/1988,0,2012/13,2012/13
Luke Daniels, Goalkeeper, England,West Bromwich Albion,185cm,05/01/1988,0,2012/13,2012/13
Matthew Connolly, Defender, England,Queens Park Rangers,188cm,24/09/1987,0,2012/13,2012/13
Adam Coombes, Forward, England,Chelsea,178cm,19/06/1991,0,2012/13,2012/13
Francis Coquelin, Midfielder, France,Arsenal,176cm,13/05/1991,0,2012/13,2012/13
Jack Cork, Midfielder, England,Southampton,183cm,25/06/1989,0,2012/13,2012/13
David Cornell, Goalkeeper, Wales,Swansea City,180cm,28/03/1991,0,2012/13,2012/13
Souleymane Coulibaly, Forward, Cote D’Ivoire,Tottenham Hotspur,172cm,26/12/1994,0,2012/13,2012/13
Shaquile Coulthirst, Forward, England,Tottenham Hotspur,180cm,02/11/1994,0,2012/13,2012/13
Thibaut Courtois, Goalkeeper, Belgium,Chelsea,200cm,11/05/1992,0,2012/13,2012/13
Craig Gardner, Midfielder, England,Sunderland,178cm,25/11/1986,6,2012/13,2012/13
Cody Cropper, Goalkeeper, United States,Southampton,191cm,16/02/1993,0,2012/13,2012/13
Danny Graham, Forward, England,Sunderland,183cm,12/08/1985,0,2012/13,2012/13
Darnel Situ, Defender, France,Swansea City,187cm,18/03/1992,0,2012/13,2012/13
David Jones, Defender, England,Wigan Athletic,185cm,04/11/1984,0,2012/13,2012/13
David Luiz, Defender, Brazil,Chelsea,188cm,22/04/1987,2,2012/13,2012/13
Simon Davies, Midfielder, Wales,Fulham,178cm,23/10/1979,0,2012/13,2012/13
Ulises Dávila, Midfielder, Mexico,Chelsea,172cm,13/04/1991,0,2012/13,2012/13
Kelvin Davis, Goalkeeper, England,Southampton,185cm,29/09/1976,0,2012/13,2012/13
Simon Dawkins, Midfielder, Jamaica,Aston Villa  (Loan),178cm,01/12/1987,0,2012/13,2012/13
Lucas Dawson, Midfielder, England,Stoke City,186cm,12/11/1993,0,2012/13,2012/13
David de Gea, Goalkeeper, Spain,Manchester United,192cm,07/11/1990,0,2012/13,2012/13
Jonathan de Guzmán, Midfielder, Netherlands,Swansea City  (Loan),173cm,13/09/1987,5,2012/13,2012/13
Nigel de Jong, Midfielder, Netherlands,Manchester City,174cm,30/11/1984,0,2012/13,2012/13
Steve De Ridder, Midfielder, Belgium,Southampton,179cm,25/02/1987,0,2012/13,2012/13
Roarie Deacon, Midfielder, England,Sunderland,170cm,12/10/1991,0,2012/13,2012/13
Mathieu Debuchy, Defender, France,Newcastle United,176cm,28/07/1985,0,2012/13,2012/13
Jermain Defoe, Forward, England,Tottenham Hotspur,171cm,07/10/1982,11,2012/13,2012/13
Ashkan Dejagah, Midfielder, Iran,Fulham,181cm,05/07/1986,0,2012/13,2012/13
Matej Delac, Goalkeeper, Croatia,Chelsea,190cm,20/08/1992,0,2012/13,2012/13
Rory Delap, Midfielder, Ireland,Barnsley,183cm,06/07/1976,0,2012/13,2012/13
Nathan Delfouneso, Forward, England,Aston Villa,186cm,02/02/1991,0,2012/13,2012/13
Nouha Dicko, Forward, Mali,Wigan Athletic,173cm,14/05/1992,0,2012/13,2012/13
Ryan Dickson, Midfielder, England,Southampton,178cm,14/12/1986,0,2012/13,2012/13
Sylvain Distin, Defender, France,Everton,193cm,16/12/1977,0,2012/13,2012/13
DJ Campbell, Forward, England,Queens Park Rangers,178cm,12/11/1981,0,2012/13,2012/13
Johan Djourou, Defender, Switzerland,Arsenal,191cm,18/01/1987,0,2012/13,2012/13
Stephen Dobbie, Forward, Scotland,Swansea City,178cm,05/12/1982,0,2012/13,2012/13
Tom Donegan, Midfielder, England,Fulham,179cm,15/09/1992,0,2012/13,2012/13
Doni, Goalkeeper, Brazil,Liverpool,194cm,22/10/1979,0,2012/13,2012/13
Graham Dorrans, Midfielder, Scotland,West Bromwich Albion,175cm,05/05/1987,1,2012/13,2012/13
Giovani dos Santos, Midfielder, Mexico,Tottenham Hotspur,174cm,11/05/1989,0,2012/13,2012/13
Fabian Delph, Midfielder, England,Aston Villa,174cm,21/11/1989,0,2012/13,2012/13
Mousa Dembélé, Midfielder, Belgium,Tottenham Hotspur,185cm,16/07/1987,1,2012/13,2012/13
Guy Demel, Defender, Cote D’Ivoire,West Ham United,188cm,13/06/1981,0,2012/13,2012/13
Clint Dempsey, Forward, United States,Tottenham Hotspur,186cm,09/03/1983,7,2012/13,2012/13
Denilson, Midfielder, Brazil,Arsenal,182cm,16/02/1988,0,2012/13,2012/13
Shaun Derry, Midfielder, England,Queens Park Rangers,183cm,06/12/1977,0,2012/13,2012/13
Franco Di Santo, Forward, Argentina,Wigan Athletic,193cm,07/04/1989,5,2012/13,2012/13
Samba Diakité, Midfielder, Mali,Queens Park Rangers,185cm,24/01/1989,0,2012/13,2012/13
Mohamed Diamé, Midfielder, Senegal,West Ham United,184cm,14/06/1987,3,2012/13,2012/13
Mahamadou Diarra, Midfielder, Mali,Fulham,182cm,18/05/1981,0,2012/13,2012/13
Michael Doughty, Midfielder, England,Queens Park Rangers,185cm,20/11/1992,0,2012/13,2012/13
Stewart Downing, Midfielder, England,Liverpool,180cm,22/07/1984,3,2012/13,2012/13
Callum Driver, Defender, England,West Ham United,174cm,23/10/1992,0,2012/13,2012/13
Damien Duff, Midfielder, Ireland,Fulham,178cm,02/03/1979,3,2012/13,2012/13
Shane Duffy, Defender, Ireland,Everton,193cm,01/01/1992,0,2012/13,2012/13
Paul Dummett, Defender, Wales,Newcastle United,183cm,26/09/1991,0,2012/13,2012/13
Richard Dunne, Defender, Ireland,Aston Villa,188cm,21/09/1979,0,2012/13,2012/13
Kieron Dyer, Midfielder, England,Queens Park Rangers,173cm,29/12/1978,0,2012/13,2012/13
Edin Dzeko, Forward, Bosnia & Herzegovina,Manchester City,193cm,17/03/1986,14,2012/13,2012/13
Craig Eastmond, Midfielder, England,Arsenal,173cm,09/12/1990,0,2012/13,2012/13
Nathan Eccleston, Forward, England,Liverpool,177cm,30/12/1990,0,2012/13,2012/13
Maurice Edu, Midfielder, United States,Stoke City,186cm,18/04/1986,0,2012/13,2012/13
Ryan Edwards, Midfielder, Australia,Reading,175cm,17/11/1993,0,2012/13,2012/13
John Egan, Defender, Ireland,Sunderland,185cm,20/10/1992,0,2012/13,2012/13
Max Ehmer, Defender, Germany,Queens Park Rangers,188cm,03/02/1992,0,2012/13,2012/13
Thomas Eisfeld, Midfielder, Germany,Arsenal,177cm,18/01/1993,0,2012/13,2012/13
Karim El Ahmadi, Midfielder, Morocco,Aston Villa,179cm,27/01/1985,1,2012/13,2012/13
Yassine El Ghanassy, Midfielder, Belgium,West Bromwich Albion,173cm,12/07/1990,0,2012/13,2012/13
Robert Elliot, Goalkeeper, Ireland,Newcastle United,190cm,30/04/1986,0,2012/13,2012/13
Elton Monteiro, Defender, Portugal,Arsenal,192cm,22/02/1994,0,2012/13,2012/13
Urby Emanuelson, Midfielder, Netherlands,Fulham  (Loan),176cm,16/06/1986,1,2012/13,2012/13
Eyong Enoh, Midfielder, Cameroon,Fulham  (Loan),178cm,23/03/1986,0,2012/13,2012/13
Hogan Ephraim, Midfielder, England,Queens Park Rangers,175cm,31/03/1988,0,2012/13,2012/13
Roger Espinoza, Midfielder, Honduras,Wigan Athletic,181cm,25/10/1986,1,2012/13,2012/13
Michael Essien, Midfielder, Ghana,Chelsea,183cm,03/12/1982,0,2012/13,2012/13
Neil Etheridge, Goalkeeper, Philippines,Fulham,188cm,07/02/1990,0,2012/13,2012/13
Matthew Etherington, Midfielder, England,Stoke City,178cm,14/08/1981,0,2012/13,2012/13
George Evans, Midfielder, England,Manchester City,184cm,13/12/1994,0,2012/13,2012/13
Patrice Evra, Defender, France,Manchester United,174cm,15/05/1981,4,2012/13,2012/13
Lukasz Fabianski, Goalkeeper, Poland,Arsenal,190cm,18/04/1985,0,2012/13,2012/13
Fábio, Defender, Brazil,Queens Park Rangers  (Loan),172cm,09/07/1990,0,2012/13,2012/13
Iago Falque, Forward, Spain,Tottenham Hotspur,172cm,04/01/1990,0,2012/13,2012/13
Matthias Fanimo, Midfielder, England,West Ham United,173cm,28/01/1994,0,2012/13,2012/13
Alejandro Faurlin, Midfielder, Argentina,Queens Park Rangers,185cm,09/08/1986,0,2012/13,2012/13
Adam Federici, Goalkeeper, Australia,Reading,188cm,31/01/1985,0,2012/13,2012/13
Marouane Fellaini, Midfielder, Belgium,Everton,194cm,22/11/1987,11,2012/13,2012/13
Rio Ferdinand, Defender, England,Manchester United,189cm,07/11/1978,1,2012/13,2012/13
Shane Ferguson, Midfielder, Northern Ireland,Newcastle United,178cm,12/07/1991,0,2012/13,2012/13
Maynor Figueroa, Defender, Honduras,Wigan Athletic,182cm,02/05/1983,1,2012/13,2012/13
Jon Flanagan, Defender, England,Liverpool,181cm,01/01/1993,0,2012/13,2012/13
Darren Fletcher, Midfielder, Scotland,Manchester United,183cm,01/02/1984,1,2012/13,2012/13
Seko Fofana, Midfielder, Cote D’Ivoire,Manchester City,183cm,07/05/1995,0,2012/13,2012/13
Tommy Forecast, Goalkeeper, England,Gillingham,196cm,15/10/1986,0,2012/13,2012/13
Vegard Forren, Defender, Norway,Southampton,186cm,16/02/1988,0,2012/13,2012/13
Jonathan Forte, Forward, Barbados,Southampton,183cm,25/07/1986,0,2012/13,2012/13
Marc-Antoine Fortuné, Forward, France,West Bromwich Albion,183cm,02/07/1981,2,2012/13,2012/13
Ben Foster, Goalkeeper, England,West Bromwich Albion,193cm,03/04/1983,0,2012/13,2012/13
David Fox, Midfielder, England,Norwich City,177cm,13/12/1983,0,2012/13,2012/13
Francisco Júnior, Midfielder, Guinea-Bissau,Everton,172cm,18/01/1992,0,2012/13,2012/13
George Francomb, Defender, England,Norwich City,180cm,08/09/1991,0,2012/13,2012/13
Ryan Fredericks, Defender, England,Tottenham Hotspur,181cm,10/10/1992,0,2012/13,2012/13
Kerim Frei, Midfielder, Turkey,Cardiff City,171cm,19/11/1993,0,2012/13,2012/13
Brad Friedel, Goalkeeper, United States,Tottenham Hotspur,191cm,18/05/1971,0,2012/13,2012/13
Emmanuel Frimpong, Midfielder, Ghana,Fulham  (Loan),178cm,10/01/1992,0,2012/13,2012/13
Ezekiel Fryers, Defender, England,Tottenham Hotspur,185cm,09/09/1992,0,2012/13,2012/13
Fraser Fyvie, Midfielder, Scotland,Wigan Athletic,172cm,27/03/1993,0,2012/13,2012/13
Stefan Galinski, Defender, Poland,Stoke City,185cm,04/04/1994,0,2012/13,2012/13
William Gallas, Defender, France,Tottenham Hotspur,181cm,17/08/1977,1,2012/13,2012/13
Dominic Gape, Midfielder, England,Southampton,180cm,09/09/1994,0,2012/13,2012/13
Luke Garbutt, Defender, England,Everton,179cm,21/05/1993,0,2012/13,2012/13
Gary Gardner, Midfielder, England,Aston Villa,186cm,29/06/1992,0,2012/13,2012/13
Bradley Garmston, Defender, Ireland,West Bromwich Albion,183cm,18/01/1994,0,2012/13,2012/13
Cameron Gayle, Defender, England,West Bromwich Albion,181cm,22/11/1992,0,2012/13,2012/13
Paulo Gazzaniga, Goalkeeper, Argentina,Southampton,196cm,02/01/1992,0,2012/13,2012/13
Zoltán Gera, Midfielder, Hungary,West Bromwich Albion,183cm,22/04/1979,4,2012/13,2012/13
Steven Gerrard, Midfielder, England,Liverpool,185cm,30/05/1980,9,2012/13,2012/13
Gervinho, Forward, Cote D’Ivoire,Arsenal,179cm,27/05/1987,5,2012/13,2012/13
Jordan Gibbons, Midfielder, England,Queens Park Rangers,179cm,18/11/1993,0,2012/13,2012/13
Kieran Gibbs, Defender, England,Arsenal,181cm,26/09/1989,0,2012/13,2012/13
Darron Gibson, Midfielder, Ireland,Everton,183cm,25/10/1987,1,2012/13,2012/13
Ryan Giggs, Midfielder, Wales,Manchester United,180cm,29/11/1973,2,2012/13,2012/13
Olivier Giroud, Forward, France,Arsenal,193cm,30/09/1986,11,2012/13,2012/13
Shay Given, Goalkeeper, Ireland,Aston Villa,185cm,20/04/1976,0,2012/13,2012/13
Serge Gnabry, Forward, Germany,Arsenal,176cm,14/07/1995,0,2012/13,2012/13
Román Golobart, Defender, Spain,Wigan Athletic,193cm,21/03/1992,0,2012/13,2012/13
Curtis Good, Defender, Australia,Bradford City,187cm,23/03/1993,0,2012/13,2012/13
Ben Gordon, Defender, England,Birmingham City,181cm,02/03/1991,0,2012/13,2012/13
Kaspars Gorkss, Defender, Latvia,Reading,191cm,06/11/1981,1,2012/13,2012/13
Dan Gosling, Midfielder, England,Newcastle United,183cm,01/02/1990,0,2012/13,2012/13
Yoan Gouffran, Midfielder, France,Newcastle United,176cm,25/05/1986,3,2012/13,2012/13
Mark Gower, Midfielder, England,Swansea City,180cm,05/10/1978,0,2012/13,2012/13
Gozie Ugwu, Forward, England,Reading,188cm,22/04/1993,0,2012/13,2012/13
Esteban Granero, Midfielder, Spain,Queens Park Rangers,180cm,02/07/1987,1,2012/13,2012/13
Jack Grealish, Midfielder, England,Aston Villa,175cm,10/09/1995,0,2012/13,2012/13
Robert Green, Goalkeeper, England,Queens Park Rangers,187cm,18/01/1980,0,2012/13,2012/13
Jack Grimmer, Defender, Scotland,Fulham,183cm,25/01/1994,0,2012/13,2012/13
Zdenek Grygera, Defender, Czech Republic,Fulham,185cm,14/05/1980,0,2012/13,2012/13
Magaye Gueye, Forward, Senegal,Everton,179cm,06/07/1990,0,2012/13,2012/13
John Guidetti, Forward, Sweden,Manchester City,185cm,15/04/1992,0,2012/13,2012/13
Péter Gulácsi, Goalkeeper, Hungary,Liverpool,191cm,06/05/1990,0,2012/13,2012/13
Guly do Prado, Midfielder, Brazil,Southampton,189cm,31/12/1981,0,2012/13,2012/13
Brynjar Gunnarsson, Midfielder, Iceland,Reading,185cm,16/10/1975,0,2012/13,2012/13
Chris Gunter, Defender, Wales,Reading,180cm,21/07/1989,0,2012/13,2012/13
Danny Guthrie, Midfielder, England,Reading,176cm,18/04/1987,1,2012/13,2012/13
Jonás Gutiérrez, Midfielder, Argentina,Newcastle United,184cm,05/07/1983,1,2012/13,2012/13
Brad Guzan, Goalkeeper, United States,Aston Villa,193cm,09/09/1984,0,2012/13,2012/13
Massadio Haïdara, Defender, Mali,Newcastle United,179cm,02/12/1992,0,2012/13,2012/13
Sead Hajrovic, Defender, Switzerland,Arsenal,184cm,04/06/1993,0,2012/13,2012/13
Robert Hall, Forward, England,Birmingham City,173cm,20/10/1993,0,2012/13,2012/13
Rafik Halliche, Defender, Algeria,Fulham,187cm,02/09/1986,0,2012/13,2012/13
Dean Hammond, Midfielder, England,Brighton & Hove Albion,183cm,07/03/1983,0,2012/13,2012/13
Brede Hangeland, Defender, Norway,Fulham,195cm,20/06/1981,0,2012/13,2012/13
Steve Harper, Goalkeeper, England,Newcastle United,185cm,14/03/1975,0,2012/13,2012/13
Michael Harriman, Defender, Ireland,Queens Park Rangers,168cm,23/10/1992,0,2012/13,2012/13
Scott Harrison, Defender, England,Sunderland,183cm,03/09/1993,0,2012/13,2012/13
Joe Hart, Goalkeeper, England,Manchester City,196cm,19/04/1987,0,2012/13,2012/13
Ian Harte, Defender, Ireland,Reading,175cm,31/08/1977,0,2012/13,2012/13
Thorgan Hazard, Midfielder, Belgium,Chelsea,175cm,29/03/1993,0,2012/13,2012/13
Michael Hector, Defender, Jamaica,Aldershot Town,193cm,19/07/1992,0,2012/13,2012/13
John Heitinga, Defender, Netherlands,Everton,182cm,15/11/1983,0,2012/13,2012/13
Jeremy Helan, Midfielder, France,Manchester City  (Loan),181cm,09/05/1992,0,2012/13,2012/13
Conor Henderson, Midfielder, Ireland,Arsenal,185cm,08/09/1991,0,2012/13,2012/13
Jonathan Henly, Goalkeeper, Scotland,Reading,193cm,15/03/1994,0,2012/13,2012/13
Henrique Hilário, Goalkeeper, Portugal,Chelsea,189cm,21/10/1975,0,2012/13,2012/13
Ángelo Henríquez, Forward, Chile,Wigan Athletic  (Loan),177cm,13/04/1994,1,2012/13,2012/13
Henry Jones, Midfielder, Wales,Swansea City,183cm,18/09/1993,0,2012/13,2012/13
Chris Herd, Midfielder, Australia,Aston Villa,173cm,04/04/1989,0,2012/13,2012/13
Heurelho Gomes, Goalkeeper, Brazil,Tottenham Hotspur,191cm,15/02/1981,0,2012/13,2012/13
Troy Hewitt, Forward, England,Bury,183cm,10/02/1990,0,2012/13,2012/13
Tony Hibbert, Defender, England,Everton,175cm,20/02/1981,0,2012/13,2012/13
Danny Higginbotham, Defender, Gibraltar,Ipswich Town,188cm,29/12/1978,0,2012/13,2012/13
Clint Hill, Defender, England,Queens Park Rangers,183cm,19/10/1978,0,2012/13,2012/13
Tom Hitchcock, Forward, England,Queens Park Rangers,178cm,01/10/1992,0,2012/13,2012/13
Thomas Hitzlsperger, Midfielder, Germany,Everton,184cm,05/04/1982,0,2012/13,2012/13
Junior Hoilett, Midfielder, Canada,Queens Park Rangers,174cm,05/06/1990,1,2012/13,2012/13
Brett Holman, Forward, Australia,Aston Villa,177cm,27/03/1984,1,2012/13,2012/13
Eirik Holmen Johansen, Goalkeeper, Norway,Manchester City,201cm,12/07/1992,0,2012/13,2012/13
Grant Holt, Forward, England,Norwich City,183cm,12/04/1981,8,2012/13,2012/13
Lewis Holtby, Midfielder, Germany,Tottenham Hotspur,176cm,18/09/1990,0,2012/13,2012/13
Jos Hooiveld, Defender, Netherlands,Southampton,194cm,22/04/1983,0,2012/13,2012/13
Wes Hoolahan, Midfielder, Ireland,Norwich City,168cm,20/05/1982,3,2012/13,2012/13
James Horsfield, Defender, England,Manchester City,178cm,30/11/1995,0,2012/13,2012/13
Sam Hoskins, Forward, England,Southampton,173cm,04/02/1993,0,2012/13,2012/13
Tim Howard, Goalkeeper, United States,Everton,191cm,06/03/1979,0,2012/13,2012/13
Jonny Howson, Midfielder, England,Norwich City,180cm,21/05/1988,2,2012/13,2012/13
Tom Huddlestone, Midfielder, England,Tottenham Hotspur,188cm,28/12/1986,0,2012/13,2012/13
Aaron Hughes, Defender, Northern Ireland,Fulham,183cm,08/11/1979,0,2012/13,2012/13
Robert Hulse, Forward, England,Millwall,185cm,25/10/1979,0,2012/13,2012/13
Cameron Humphreys, Defender, England,Manchester City,185cm,22/08/1998,0,2012/13,2012/13
Noel Hunt, Forward, Ireland,Reading,173cm,26/12/1982,2,2012/13,2012/13
James Hurst, Defender, England,Birmingham City,183cm,31/01/1992,0,2012/13,2012/13
Sam Hutchinson, Defender, England,Nottingham Forest,182cm,03/08/1989,0,2012/13,2012/13
Robert Huth, Defender, Germany,Stoke City,191cm,18/08/1984,1,2012/13,2012/13
Alan Hutton, Defender, Scotland,Nottingham Forest,185cm,30/11/1984,0,2012/13,2012/13
Emyr Huws, Midfielder, Wales,Northampton Town,177cm,30/09/1993,0,2012/13,2012/13
Jordon Ibe, Forward, England,Liverpool,176cm,08/12/1995,0,2012/13,2012/13
Abdisalam Abdulkadir Ibrahim, Midfielder, Norway,Manchester City,185cm,01/05/1991,0,2012/13,2012/13
Rohan Ince, Midfielder, Montserrat,Chelsea,191cm,08/11/1992,0,2012/13,2012/13
Bradden Inman, Forward, Australia,Newcastle United,185cm,10/12/1991,0,2012/13,2012/13
Stephen Ireland, Midfielder, Ireland,Aston Villa,173cm,22/08/1986,0,2012/13,2012/13
Lloyd Isgrove, Midfielder, Wales,Southampton,178cm,12/01/1993,0,2012/13,2012/13
Branislav Ivanovic, Defender, Serbia,Chelsea,185cm,22/02/1984,5,2012/13,2012/13
Jussi Jääskeläinen, Goalkeeper, Finland,West Ham United,191cm,19/04/1975,0,2012/13,2012/13
Simeon Jackson, Forward, Canada,Norwich City,170cm,28/03/1987,1,2012/13,2012/13
Phil Jagielka, Defender, England,Everton,180cm,17/08/1982,2,2012/13,2012/13
Jake Sinclair, Forward, England,Southampton,170cm,29/11/1994,0,2012/13,2012/13
Adnan Januzaj, Midfielder, Belgium,Manchester United,186cm,05/02/1995,0,2012/13,2012/13
Gonzalo Jara, Defender, Chile,West Bromwich Albion,178cm,29/08/1985,0,2012/13,2012/13
Matthew Jarvis, Midfielder, England,West Ham United,173cm,22/05/1986,2,2012/13,2012/13
Javi García, Midfielder, Spain,Manchester City,187cm,08/02/1987,2,2012/13,2012/13
Javier Garrido, Defender, Spain,Norwich City  (Loan),180cm,15/03/1985,0,2012/13,2012/13
Nikica Jelavic, Forward, Croatia,Everton,187cm,27/08/1985,7,2012/13,2012/13
Jermaine Jenas, Midfielder, England,Queens Park Rangers,180cm,18/02/1983,2,2012/13,2012/13
Carl Jenkinson, Defender, England,Arsenal,185cm,08/02/1992,0,2012/13,2012/13
Cameron Jerome, Forward, England,Stoke City,185cm,14/08/1986,3,2012/13,2012/13
Ji Dong-Won, Forward, South Korea,Sunderland,188cm,28/05/1991,0,2012/13,2012/13
Jiang Guangtai, Defender, China,Everton,181cm,27/05/1994,0,2012/13,2012/13
JJ Hooper, Forward, England,Newcastle United,185cm,09/10/1993,0,2012/13,2012/13
João Teixeira, Midfielder, Portugal,Liverpool,167cm,18/01/1993,0,2012/13,2012/13
John Obi Mikel, Midfielder, Nigeria,Chelsea,188cm,22/04/1987,0,2012/13,2012/13
Daniel Johnson, Midfielder, Jamaica,Aston Villa,174cm,08/10/1992,0,2012/13,2012/13
Sam Johnstone, Goalkeeper, England,Manchester United,193cm,25/03/1993,0,2012/13,2012/13
Bradley Jones, Goalkeeper, Australia,Liverpool,194cm,19/03/1982,0,2012/13,2012/13
Jonjo Shelvey, Midfielder, England,Liverpool,184cm,27/02/1992,1,2012/13,2012/13
Jordi Gómez, Midfielder, Spain,Wigan Athletic,178cm,24/05/1985,3,2012/13,2012/13
Jesse Joronen, Goalkeeper, Finland,Fulham,197cm,21/03/1993,0,2012/13,2012/13
José Bosingwa, Defender, Portugal,Queens Park Rangers,183cm,24/08/1982,0,2012/13,2012/13
José Enrique, Defender, Spain,Liverpool,184cm,23/01/1986,2,2012/13,2012/13
José Fonte, Defender, Portugal,Southampton,187cm,22/12/1983,2,2012/13,2012/13
Julio César, Goalkeeper, Brazil,Queens Park Rangers,186cm,03/09/1979,0,2012/13,2012/13
Younes Kaboul, Defender, France,Tottenham Hotspur,193cm,04/01/1986,0,2012/13,2012/13
Alexander Kacaniklic, Midfielder, Sweden,Fulham,181cm,13/08/1991,4,2012/13,2012/13
Shinji Kagawa, Midfielder, Japan,Manchester United,175cm,17/03/1989,6,2012/13,2012/13
Gaël Kakuta, Midfielder, DR Congo,Chelsea,173cm,21/06/1991,0,2012/13,2012/13
Tomás Kalas, Defender, Czech Republic,Chelsea,183cm,15/05/1993,0,2012/13,2012/13
Kei Kamara, Forward, Sierra Leone,Norwich City,191cm,01/09/1984,1,2012/13,2012/13
Todd Kane, Defender, England,Preston North End,180cm,17/09/1993,0,2012/13,2012/13
Jem Karacan, Midfielder, Turkey,Reading,178cm,21/02/1989,1,2012/13,2012/13
Giorgos Karagounis, Midfielder, Greece,Fulham,176cm,06/03/1977,1,2012/13,2012/13
Pajtim Kasami, Midfielder, Switzerland,Fulham,188cm,02/06/1992,0,2012/13,2012/13
Kayleden Brown, Forward, Wales,West Bromwich Albion,187cm,15/04/1992,0,2012/13,2012/13
Michael Keane, Defender, England,Leicester City,191cm,11/01/1993,0,2012/13,2012/13
Jimmy Kébé, Midfielder, Mali,Reading,187cm,19/01/1984,5,2012/13,2012/13
Martin Kelly, Defender, England,Liverpool,191cm,27/04/1990,0,2012/13,2012/13
Kemy Agustien, Midfielder, Curacao,Swansea City,175cm,20/08/1986,0,2012/13,2012/13
Matthew Kennedy, Defender, Northern Ireland,Everton,175cm,01/11/1994,0,2012/13,2012/13
Niall Keown, Defender, Ireland,Reading, ,05/04/1995,0,2012/13,2012/13
Bongani Khumalo, Defender, South Africa,Tottenham Hotspur,188cm,06/01/1987,0,2012/13,2012/13
Ki Sung-Yeung, Midfielder, South Korea,Swansea City,189cm,24/01/1989,0,2012/13,2012/13
Robert Kiernan, Defender, Ireland,Wigan Athletic,185cm,13/01/1991,0,2012/13,2012/13
Michael Kightly, Midfielder, England,Stoke City,173cm,24/01/1986,3,2012/13,2012/13
Matthew Kilgallon, Defender, England,Sunderland,188cm,08/01/1984,0,2012/13,2012/13
Joshua King, Forward, Norway,Manchester United,180cm,15/01/1992,0,2012/13,2012/13
Billy Knott, Midfielder, England,Sunderland,173cm,28/11/1992,0,2012/13,2012/13
Aleksandar Kolarov, Defender, Serbia,Manchester City,187cm,10/11/1985,1,2012/13,2012/13
Kolo Touré, Defender, Cote D’Ivoire,Manchester City,183cm,19/03/1981,0,2012/13,2012/13
Vincent Kompany, Defender, Belgium,Manchester City,193cm,10/04/1986,1,2012/13,2012/13
Arouna Koné, Forward, ,Wigan Athletic, , ,11,2012/13,2012/13
Laurent Koscielny, Defender, France,Arsenal,186cm,10/09/1985,2,2012/13,2012/13
Tim Krul, Goalkeeper, Netherlands,Newcastle United,188cm,03/04/1988  (36),0,2012/13,2012/13
Jordan Laidler, Midfielder, England,Sunderland,169cm,01/07/1995,0,2012/13,2012/13
Louis Laing, Defender, England,Sunderland,181cm,06/03/1993,0,2012/13,2012/13
Milan Lalkovic, Midfielder, Slovakia,Chelsea,174cm,09/12/1992,0,2012/13,2012/13
Adam Lallana, Midfielder, England,Southampton,172cm,10/05/1988  (35),3,2012/13,2012/13
Roland Lamah, Midfielder, Belgium,Swansea City  (Loan),180cm,31/12/1987,0,2012/13,2012/13
Rickie Lambert, Forward, England,Southampton,188cm,16/02/1982,15,2012/13,2012/13
Frank Lampard, Midfielder, England,Chelsea,184cm,20/06/1978,15,2012/13,2012/13
Cameron Lancaster, Forward, England,Tottenham Hotspur,183cm,05/11/1992,0,2012/13,2012/13
Henri Lansbury, Midfielder, England,Arsenal,183cm,12/10/1990,0,2012/13,2012/13
Simon Lappin, Midfielder, Scotland,Norwich City,180cm,25/01/1983,0,2012/13,2012/13
Sebastian Larsson, Midfielder, Sweden,Sunderland,178cm,06/06/1985,1,2012/13,2012/13
Adam Le Fondre, Forward, England,Reading,180cm,02/12/1986,12,2012/13,2012/13
Tadanari Lee, Forward, Japan,Southampton,182cm,19/12/1985,0,2012/13,2012/13
Mikele Leigertwood, Midfielder, Antigua & Barbuda,Reading,188cm,12/11/1982,1,2012/13,2012/13
Aaron Lennon, Midfielder, England,Tottenham Hotspur,165cm,16/04/1987,4,2012/13,2012/13
Aaron Lennox, Goalkeeper, Australia,Queens Park Rangers,191cm,19/02/1993,0,2012/13,2012/13
Joleon Lescott, Defender, England,Manchester City,190cm,16/08/1982,1,2012/13,2012/13
Li Ke, Defender, China,Arsenal,171cm,24/05/1993,0,2012/13,2012/13
Eric Lichaj, Defender, United States,Aston Villa,175cm,17/11/1988,0,2012/13,2012/13
Dan Lincoln, Goalkeeper, England,Reading, ,26/05/1995,0,2012/13,2012/13
Anders Lindegaard, Goalkeeper, Denmark,Manchester United,193cm,13/04/1984,0,2012/13,2012/13
Jesse Lingard, Midfielder, England,Leicester City,175cm,15/12/1992,0,2012/13,2012/13
Leroy Lita, Forward, England,Birmingham City,170cm,28/12/1984,0,2012/13,2012/13
Jake Livermore, Midfielder, England,Tottenham Hotspur,181cm,14/11/1989,0,2012/13,2012/13
Sebastian Lletget, Midfielder, United States,West Ham United,178cm,03/09/1992,0,2012/13,2012/13
Hugo Lloris, Goalkeeper, France,Tottenham Hotspur,188cm,26/12/1986,0,2012/13,2012/13
Ruben Loftus-Cheek, Midfielder, England,Chelsea,191cm,23/01/1996,0,2012/13,2012/13
Shane Long, Forward, Ireland,West Bromwich Albion,178cm,22/01/1987,8,2012/13,2012/13
Charlie Losasso, Midfielder, England,Reading,182cm,11/11/1992,0,2012/13,2012/13
James Loveridge, Forward, Wales,Swansea City,188cm,16/05/1994,0,2012/13,2012/13
Matthew Lowton, Defender, England,Aston Villa,180cm,09/06/1989,2,2012/13,2012/13
Lee Lucas, Midfielder, Wales,Swansea City,180cm,10/06/1992,0,2012/13,2012/13
Lucas Leiva, Midfielder, Brazil,Liverpool,179cm,09/01/1987,0,2012/13,2012/13
Lucas Piazón, Midfielder, Brazil,Chelsea,183cm,20/01/1994,0,2012/13,2012/13
Romelu Lukaku, Forward, Belgium,West Bromwich Albion  (Loan),191cm,13/05/1993,17,2012/13,2012/13
Matthew Lund, Midfielder, Northern Ireland,Bristol Rovers,170cm,21/11/1990,0,2012/13,2012/13
John Lundstram, Midfielder, England,Everton,181cm,18/02/1994,0,2012/13,2012/13
Massimo Luongo, Midfielder, Australia,Tottenham Hotspur,176cm,25/09/1992,0,2012/13,2012/13
Craig Lynch, Forward, England,Sunderland,175cm,25/03/1992,0,2012/13,2012/13
Angus MacDonald, Defender, England,Reading,184cm,15/10/1992,0,2012/13,2012/13
Federico Macheda, Forward, Italy,Manchester United,185cm,22/08/1991,0,2012/13,2012/13
Jamie Mackie, Forward, Scotland,Queens Park Rangers,173cm,22/09/1985,2,2012/13,2012/13
Marcus Maddison, Midfielder, England,Newcastle United,180cm,26/09/1993,0,2012/13,2012/13
Sam Magri, Defender, Malta,Queens Park Rangers,184cm,30/03/1994,0,2012/13,2012/13
Sean Maguire, Forward, Ireland,West Ham United,174cm,01/05/1994,0,2012/13,2012/13
Maicon, Defender, Brazil,Manchester City,184cm,26/07/1981,0,2012/13,2012/13
Modibo Maiga, Forward, Mali,West Ham United,185cm,03/09/1987,2,2012/13,2012/13
Jean Makoun, Midfielder, Cameroon,Aston Villa,173cm,29/05/1983,0,2012/13,2012/13
Shaun Maloney, Midfielder, Scotland,Wigan Athletic,170cm,24/01/1983,6,2012/13,2012/13
Florent Malouda, Midfielder, France,Chelsea,184cm,13/06/1980,0,2012/13,2012/13
Mikael Mandron, Forward, France,Sunderland,191cm,11/10/1994,0,2012/13,2012/13
Kader Mangane, Defender, Senegal,Sunderland  (Loan),193cm,23/03/1983,0,2012/13,2012/13
Vito Mannone, Goalkeeper, Italy,Arsenal,189cm,02/03/1988,0,2012/13,2012/13
Stanislav Manolev, Defender, Bulgaria,Fulham  (Loan),185cm,16/12/1985,0,2012/13,2012/13
Sam Mantom, Midfielder, England,West Bromwich Albion,175cm,20/02/1992,0,2012/13,2012/13
Kurtis March, Midfielder, Wales,Swansea City,175cm,30/04/1993,0,2012/13,2012/13
Adrian Mariappa, Defender, Jamaica,Reading,180cm,03/10/1986,1,2012/13,2012/13
Marko Marin, Midfielder, Germany,Chelsea,170cm,13/03/1989,1,2012/13,2012/13
Marnick Vermijl, Defender, Belgium,Manchester United,179cm,13/01/1992,0,2012/13,2012/13
Liam Marrs, Defender, England,Sunderland,175cm,26/11/1992,0,2012/13,2012/13
Andy Marshall, Goalkeeper, England,Aston Villa,188cm,14/04/1975,0,2012/13,2012/13
Russell Martin, Defender, Scotland,Norwich City,183cm,04/01/1986,3,2012/13,2012/13
Emiliano Martínez, Goalkeeper, Argentina,Arsenal,195cm,02/09/1992  (31),0,2012/13,2012/13
Sylvain Marveaux, Midfielder, France,Newcastle United,172cm,15/04/1986,1,2012/13,2012/13
Ryan Mason, Midfielder, England,Tottenham Hotspur,175cm,13/06/1991,0,2012/13,2012/13
Juan Mata, Midfielder, Spain,Chelsea,170cm,28/04/1988,12,2012/13,2012/13
Nicky Maynard, Forward, England,West Ham United,180cm,11/12/1986,0,2012/13,2012/13
Emmanuel Mayuka, Forward, Zambia,Southampton,178cm,21/11/1990,0,2012/13,2012/13
Kevin Mbabu, Defender, Switzerland,Newcastle United,184cm,19/04/1995,0,2012/13,2012/13
Stéphane Mbia, Midfielder, Cameroon,Queens Park Rangers,189cm,20/05/1986,0,2012/13,2012/13
Conor McAleny, Forward, England,Everton,178cm,12/08/1992,0,2012/13,2012/13
Jobi McAnuff, Midfielder, Jamaica,Reading,178cm,09/11/1981,0,2012/13,2012/13
James McArthur, Midfielder, Scotland,Wigan Athletic,178cm,07/10/1987,3,2012/13,2012/13
Gareth McAuley, Defender, Northern Ireland,West Bromwich Albion,191cm,05/12/1979,3,2012/13,2012/13
Paul McCallum, Forward, England,West Ham United,191cm,28/07/1993,0,2012/13,2012/13
Alex McCarthy, Goalkeeper, England,Reading,193cm,03/12/1989,0,2012/13,2012/13
George McCartney, Defender, Northern Ireland,West Ham United,180cm,29/04/1981,0,2012/13,2012/13
James McClean, Midfielder, Ireland,Sunderland,180cm,22/04/1989,2,2012/13,2012/13
Garath McCleary, Midfielder, Jamaica,Reading,188cm,15/05/1987,3,2012/13,2012/13
Josh McEachran, Midfielder, England,Middlesbrough,178cm,01/03/1993,0,2012/13,2012/13
James McFadden, Midfielder, Scotland,Sunderland,178cm,14/04/1983,0,2012/13,2012/13
Ryan McGivern, Defender, Northern Ireland,Manchester City,178cm,08/01/1990,0,2012/13,2012/13
Ryan McLaughlin, Defender, Northern Ireland,Liverpool,183cm,30/09/1994,0,2012/13,2012/13
Callum McManaman, Midfielder, England,Wigan Athletic,175cm,25/04/1991,2,2012/13,2012/13
Jernade Meade, Defender, Montserrat,Arsenal,160cm,25/10/1992,0,2012/13,2012/13
Courtney Meppen-Walter, Defender, England,Manchester City,184cm,02/08/1994,0,2012/13,2012/13
Per Mertesacker, Defender, Germany,Arsenal,198cm,29/09/1984,3,2012/13,2012/13
David Meyler, Midfielder, Ireland,Sunderland,189cm,29/05/1989,0,2012/13,2012/13
Michu, Forward, Spain,Swansea City,191cm,21/03/1986,18,2012/13,2012/13
Simon Mignolet, Goalkeeper, Belgium,Sunderland,193cm,06/03/1988,0,2012/13,2012/13
Mike Pollitt, Goalkeeper, England,Wigan Athletic,193cm,29/02/1972,0,2012/13,2012/13
Joseph Mills, Defender, England,Reading,175cm,30/10/1989,0,2012/13,2012/13
James Milner, Midfielder, England,Manchester City,175cm,04/01/1986,4,2012/13,2012/13
Ignasi Miquel, Defender, Spain,Arsenal,188cm,28/09/1992,0,2012/13,2012/13
Kevin Mirallas, Forward, Belgium,Everton,182cm,05/10/1987,6,2012/13,2012/13
Adam Mitchell, Midfielder, England,Sunderland,173cm,18/10/1993,0,2012/13,2012/13
Ryo Miyaichi, Forward, Japan,Wigan Athletic  (Loan),183cm,14/12/1992,0,2012/13,2012/13
Mo Shariff, Forward, England,Queens Park Rangers,177cm,05/03/1993,0,2012/13,2012/13
Luka Modric, Midfielder, Croatia,Tottenham Hotspur,172cm,09/09/1985,0,2012/13,2012/13
George Moncur, Midfielder, England,West Ham United,176cm,18/08/1993,0,2012/13,2012/13
Garry Monk, Defender, England,Swansea City,183cm,06/03/1979,0,2012/13,2012/13
Stuart Moore, Goalkeeper, England,Reading,187cm,08/09/1994,0,2012/13,2012/13
Adam Morgan, Forward, England,Rotherham United,174cm,21/04/1994,0,2012/13,2012/13
Steve Morison, Forward, Wales,Norwich City,188cm,29/08/1983,1,2012/13,2012/13
Callum Morris, Midfielder, England,Wigan Athletic,187cm,01/09/1992,0,2012/13,2012/13
Sean Morrison, Defender, England,Reading,193cm,08/01/1991,2,2012/13,2012/13
Victor Moses, Midfielder, Nigeria,Chelsea,177cm,12/12/1990,1,2012/13,2012/13
Ján Mucha, Goalkeeper, Slovakia,Everton,189cm,05/12/1982,0,2012/13,2012/13
Youssouf Mulumbu, Midfielder, DR Congo,West Bromwich Albion,177cm,25/01/1987,2,2012/13,2012/13
Josh Murphy, Midfielder, England,Norwich City,173cm,24/02/1995,0,2012/13,2012/13
Jordan Mustoe, Defender, England,Wigan Athletic,179cm,28/01/1991,0,2012/13,2012/13
Boaz Myhill, Goalkeeper, Wales,West Bromwich Albion,191cm,09/11/1982,0,2012/13,2012/13
Alfred N'Diaye, Midfielder, Senegal,Sunderland,189cm,06/03/1990,0,2012/13,2012/13
Charles N'Zogbia, Midfielder, France,Aston Villa,170cm,28/05/1986,2,2012/13,2012/13
Adil Nabi, Forward, England,West Bromwich Albion,172cm,28/02/1994,0,2012/13,2012/13
Nacho Monreal, Defender, Spain,Arsenal,179cm,26/02/1986,1,2012/13,2012/13
Steven Naismith, Forward, Scotland,Everton,178cm,14/09/1986,4,2012/13,2012/13
Nani, Forward, Portugal,Manchester United,177cm,17/11/1986,1,2012/13,2012/13
Carlo Nash, Goalkeeper, England,Stoke City,196cm,13/09/1973,0,2012/13,2012/13
Samir Nasri, Midfielder, France,Manchester City,175cm,26/06/1987,2,2012/13,2012/13
Matija Nastasic, Defender, Serbia,Manchester City,188cm,28/03/1993,0,2012/13,2012/13
Kyle Naughton, Defender, England,Tottenham Hotspur,180cm,17/11/1988,0,2012/13,2012/13
Ryan Nelsen, Defender, New Zealand,Queens Park Rangers,185cm,18/10/1977,1,2012/13,2012/13
Vít Nemrava, Goalkeeper, Czech Republic,West Ham United  (Loan), ,09/01/1996,0,2012/13,2012/13
Jamie Ness, Midfielder, Scotland,Stoke City,187cm,02/03/1991,0,2012/13,2012/13
Conor Newton, Midfielder, England,Newcastle United,181cm,17/10/1991,0,2012/13,2012/13
Lee Nicholls, Goalkeeper, England,Wigan Athletic,195cm,05/10/1992,0,2012/13,2012/13
Jake Nicholson, Midfielder, England,Tottenham Hotspur,183cm,19/07/1992,0,2012/13,2012/13
Gunnar Nielsen, Goalkeeper, Faroe Islands,Manchester City,191cm,07/10/1986,0,2012/13,2012/13
Archange Nkumu, Midfielder, England,Chelsea,175cm,05/11/1993,0,2012/13,2012/13
Ryan Noble, Forward, England,Sunderland,180cm,11/06/1991,0,2012/13,2012/13
Kevin Nolan, Midfielder, England,West Ham United,183cm,24/06/1982,10,2012/13,2012/13
Rinor Nushi, Forward, Sweden,, , , ,2012/13,2012/13
Steven Nzonzi, Midfielder, France,Stoke City,196cm,15/12/1988,1,2012/13,2012/13
Joseph O'Brien, Defender, Ireland,West Ham United,180cm,17/02/1986,2,2012/13,2012/13
Liam O'Neil, Midfielder, England,West Bromwich Albion,181cm,31/07/1993,0,2012/13,2012/13
John O'Shea, Defender, Ireland,Sunderland,191cm,30/04/1981,2,2012/13,2012/13
Curtis Obeng, Defender, England,Fleetwood Town,173cm,14/02/1989,0,2012/13,2012/13
Gabriel Obertan, Midfielder, France,Newcastle United,186cm,26/02/1989,0,2012/13,2012/13
Jonathan Obika, Forward, England,Tottenham Hotspur,182cm,12/09/1990,0,2012/13,2012/13
Jordan Obita, Defender, England,Oldham Athletic,180cm,08/12/1993,0,2012/13,2012/13
Peter Odemwingie, Forward, Nigeria,West Bromwich Albion,182cm,15/07/1981,5,2012/13,2012/13
Jonas Olsson, Defender, Sweden,West Bromwich Albion,193cm,10/03/1983,0,2012/13,2012/13
Nedum Onuoha, Defender, England,Queens Park Rangers,183cm,12/11/1986,0,2012/13,2012/13
Andrea Orlandi, Midfielder, Spain,Swansea City,180cm,03/08/1984,0,2012/13,2012/13
Filip Orsula, Forward, Slovakia,Wigan Athletic,183cm,25/02/1993,0,2012/13,2012/13
Oscar, Midfielder, Brazil,Chelsea,179cm,09/09/1991,4,2012/13,2012/13
Leon Osman, Midfielder, England,Everton,173cm,17/05/1981,5,2012/13,2012/13
Bryan Oviedo, Defender, Costa Rica,Everton,172cm,18/02/1990,0,2012/13,2012/13
Michael Owen, Forward, England,Stoke City,173cm,14/12/1979,1,2012/13,2012/13
Alex Oxlade-Chamberlain, Midfielder, England,Arsenal,180cm,15/08/1993,1,2012/13,2012/13
Pablo Hernández, Midfielder, Spain,Swansea City,173cm,11/04/1985,3,2012/13,2012/13
Costel Pantilimon, Goalkeeper, Romania,Manchester City,203cm,01/02/1987,0,2012/13,2012/13
Park Chu-Young, Forward, South Korea,Arsenal,182cm,10/07/1985,0,2012/13,2012/13
Park Ji-Sung, Midfielder, South Korea,Queens Park Rangers,175cm,25/02/1981,0,2012/13,2012/13
Scott Parker, Midfielder, England,Tottenham Hotspur,180cm,13/10/1980,0,2012/13,2012/13
Taylor Parmenter, Defender, England,Queens Park Rangers,178cm,09/09/1992,0,2012/13,2012/13
Dean Parrett, Midfielder, England,Tottenham Hotspur,179cm,16/11/1991,0,2012/13,2012/13
Matt Partridge, Defender, England,Reading,190cm,07/11/1993,0,2012/13,2012/13
Paulo Ferreira, Defender, Portugal,Chelsea,181cm,18/01/1979,0,2012/13,2012/13
Alex Pearce, Defender, Ireland,Reading,188cm,09/11/1988,0,2012/13,2012/13
Richard Peniket, Forward, England,Fulham,189cm,04/03/1993,0,2012/13,2012/13
Jermaine Pennant, Midfielder, England,Wolverhampton Wanderers,173cm,15/01/1983,0,2012/13,2012/13
James Perch, Defender, England,Newcastle United,180cm,28/09/1985,1,2012/13,2012/13
Mladen Petric, Forward, Croatia,Fulham,184cm,01/01/1981,5,2012/13,2012/13
Stiliyan Petrov, Midfielder, Bulgaria,Aston Villa,183cm,05/07/1979,0,2012/13,2012/13
Davide Petrucci, Midfielder, Italy,Manchester United,189cm,05/10/1991,0,2012/13,2012/13
Phil Neville, Midfielder, England,Everton,180cm,21/01/1977,0,2012/13,2012/13
Philippe Coutinho, Midfielder, Brazil,Liverpool,172cm,12/06/1992,3,2012/13,2012/13
Jordan Pickford, Goalkeeper, England,Sunderland,185cm,07/03/1994  (30),0,2012/13,2012/13
Steven Pienaar, Midfielder, South Africa,Everton,170cm,17/03/1982,6,2012/13,2012/13
Anthony Pilkington, Midfielder, Ireland,Norwich City,180cm,06/06/1988,5,2012/13,2012/13
Piscu, Defender, Spain,Wigan Athletic,183cm,25/02/1987,0,2012/13,2012/13
Ellis Plummer, Defender, England,Manchester City, ,02/09/1994,0,2012/13,2012/13
Lukas Podolski, Forward, Germany,Arsenal,180cm,04/06/1985,11,2012/13,2012/13
Emanuel Pogatetz, Defender, Austria,West Ham United  (Loan),191cm,16/01/1983,0,2012/13,2012/13
Pavel Pogrebnyak, Forward, Russia,Reading,188cm,08/11/1983,5,2012/13,2012/13
Goran Popov, Defender, ,West Bromwich Albion  (Loan), , ,0,2012/13,2012/13
Dan Potts, Defender, England,West Ham United,172cm,13/04/1994  (30),0,2012/13,2012/13
Nick Powell, Midfielder, England,Manchester United,183cm,23/03/1994,1,2012/13,2012/13
Josh Pritchard, Midfielder, England,Fulham,175cm,23/09/1992,0,2012/13,2012/13
Jamie Proctor, Forward, England,Swansea City,188cm,25/03/1992,0,2012/13,2012/13
Jason Puncheon, Midfielder, England,Southampton,173cm,18/06/1986,6,2012/13,2012/13
Rafael, Defender, Brazil,Manchester United,173cm,09/07/1990,3,2012/13,2012/13
Ramires, Midfielder, Brazil,Chelsea,180cm,24/03/1987,5,2012/13,2012/13
Gastón Ramírez, Midfielder, Uruguay,Southampton,183cm,02/12/1990,5,2012/13,2012/13
Iván Ramis, Defender, Spain,Wigan Athletic,188cm,25/10/1984,2,2012/13,2012/13
Aaron Ramsey, Midfielder, Wales,Arsenal,178cm,26/12/1990,1,2012/13,2012/13
Angel Rangel, Defender, Spain,Swansea City,188cm,28/11/1982,3,2012/13,2012/13
Nile Ranger, Forward, England,Newcastle United,187cm,11/04/1991,0,2012/13,2012/13
Raul Meireles, Midfielder, Portugal,Chelsea,179cm,17/03/1983,0,2012/13,2012/13
Abdul Razak, Midfielder, Cote D’Ivoire,Charlton Athletic,180cm,11/11/1992,0,2012/13,2012/13
Daniel Redmond, Midfielder, England,Wigan Athletic,175cm,02/03/1991,0,2012/13,2012/13
Adam Reed, Midfielder, Philippines,Sunderland,165cm,08/05/1991,0,2012/13,2012/13
Ben Reeves, Midfielder, Northern Ireland,Southampton,178cm,19/11/1991,0,2012/13,2012/13
Steven Reid, Defender, Ireland,West Bromwich Albion,180cm,10/03/1981,0,2012/13,2012/13
Pepe Reina, Goalkeeper, Spain,Liverpool,188cm,31/08/1982,0,2012/13,2012/13
Karim Rekik, Defender, Netherlands,Manchester City,186cm,02/12/1994,0,2012/13,2012/13
Loïc Rémy, Forward, France,Queens Park Rangers,185cm,02/01/1987,6,2012/13,2012/13
Ricardo Vaz Tê, Forward, Portugal,West Ham United,188cm,01/10/1986,3,2012/13,2012/13
Micah Richards, Defender, England,Manchester City,180cm,24/06/1988,0,2012/13,2012/13
Kieran Richardson, Defender, England,Fulham,173cm,21/10/1984,1,2012/13,2012/13
Liam Ridgewell, Defender, England,West Bromwich Albion,188cm,21/07/1984,0,2012/13,2012/13
Sascha Riether, Defender, Germany,Fulham  (Loan),176cm,23/03/1983,1,2012/13,2012/13
John Arne Riise, Defender, Norway,Fulham,188cm,24/09/1980,0,2012/13,2012/13
Philip Roberts, Forward, Ireland,Arsenal,181cm,07/04/1994,0,2012/13,2012/13
Jack Robinson, Defender, England,Wolverhampton Wanderers,180cm,01/09/1993,0,2012/13,2012/13
Joel Robles, Goalkeeper, Spain,Wigan Athletic  (Loan),195cm,17/06/1990,0,2012/13,2012/13
Hal Robson-Kanu, Forward, Wales,Reading,183cm,21/05/1989,7,2012/13,2012/13
Hugo Rodallega, Forward, Colombia,Fulham,181cm,25/07/1985,3,2012/13,2012/13
Jay Rodríguez, Forward, England,Southampton,185cm,29/07/1989,6,2012/13,2012/13
Jack Rodwell, Midfielder, England,Manchester City,188cm,11/03/1991,2,2012/13,2012/13
Oriol Romeu, Midfielder, Spain,Chelsea,183cm,24/09/1991,0,2012/13,2012/13
Rony Lopes, Forward, Portugal,Manchester City,174cm,28/12/1995,0,2012/13,2012/13
Kemar Roofe, Forward, Jamaica,West Bromwich Albion,178cm,06/01/1993,0,2012/13,2012/13
Wayne Rooney, Forward, England,Manchester United,176cm,24/10/1985,12,2012/13,2012/13
Rory Donnelly, Forward, Northern Ireland,Swansea City,188cm,18/02/1992,0,2012/13,2012/13
Danny Rose, Defender, England,Sunderland  (Loan),173cm,02/07/1990,1,2012/13,2012/13
Markus Rosenberg, Forward, Sweden,West Bromwich Albion,185cm,27/09/1982,0,2012/13,2012/13
Tomas Rosicky, Midfielder, Czech Republic,Arsenal,178cm,04/10/1980,2,2012/13,2012/13
Wayne Routledge, Midfielder, England,Swansea City,170cm,07/01/1985,5,2012/13,2012/13
Declan Rudd, Goalkeeper, England,Norwich City,191cm,16/01/1991,0,2012/13,2012/13
John Ruddy, Goalkeeper, England,Norwich City,192cm,24/10/1986,0,2012/13,2012/13
Bryan Ruiz, Midfielder, Costa Rica,Fulham,187cm,18/08/1985,5,2012/13,2012/13
Albert Rusnák, Midfielder, Slovakia,Manchester City,175cm,07/07/1994,0,2012/13,2012/13
Bacary Sagna, Defender, France,Arsenal,176cm,14/02/1983,0,2012/13,2012/13
Louis Saha, Forward, France,Sunderland,185cm,08/08/1978,0,2012/13,2012/13
Nuri Sahin, Midfielder, Turkey,Liverpool,180cm,05/09/1988,1,2012/13,2012/13
Stephen Sama, Defender, Germany,Liverpool,189cm,05/03/1993,0,2012/13,2012/13
Christopher Samba, Defender, Congo,Queens Park Rangers,193cm,28/03/1984,0,2012/13,2012/13
Conor Sammon, Forward, Ireland,Wigan Athletic,186cm,06/11/1986,0,2012/13,2012/13
Dominic Samuel, Forward, England,Reading,182cm,11/04/1994,0,2012/13,2012/13
Samuel Galindo, Midfielder, Bolivia,Arsenal,190cm,18/04/1992,0,2012/13,2012/13
Sanchez Watt, Midfielder, England,Arsenal,180cm,14/02/1991,0,2012/13,2012/13
Sandro, Midfielder, Brazil,Tottenham Hotspur,187cm,15/03/1989,1,2012/13,2012/13
Roque Santa Cruz, Forward, Paraguay,Manchester City,191cm,16/08/1981,0,2012/13,2012/13
Davide Santon, Defender, Italy,Newcastle United,187cm,02/01/1991,1,2012/13,2012/13
Stefan Savic, Defender, Montenegro,Manchester City,187cm,08/01/1991,0,2012/13,2012/13
George Saville, Midfielder, Northern Ireland,Chelsea,176cm,01/06/1993,0,2012/13,2012/13
Romaine Sawyers, Midfielder, St. Kitts & Nevis,West Bromwich Albion,175cm,02/11/1991,0,2012/13,2012/13
Luca Scapuzzi, Forward, Italy,Manchester City,182cm,15/04/1991,0,2012/13,2012/13
Paul Scharner, Defender, Austria,Wigan Athletic  (Loan),191cm,11/03/1980,0,2012/13,2012/13
Morgan Schneiderlin, Midfielder, France,Southampton,181cm,08/11/1989,5,2012/13,2012/13
Paul Scholes, Midfielder, England,Manchester United,168cm,16/11/1974,1,2012/13,2012/13
Mark Schwarzer, Goalkeeper, Australia,Fulham,194cm,06/10/1972,0,2012/13,2012/13
Daniel Seaborne, Defender, England,Charlton Athletic,183cm,05/03/1987,0,2012/13,2012/13
Philippe Senderos, Defender, Switzerland,Fulham,190cm,14/02/1985,0,2012/13,2012/13
Stéphane Sessègnon, Midfielder, Benin,Sunderland,172cm,01/06/1984,7,2012/13,2012/13
Billy Sharp, Forward, England,Nottingham Forest,175cm,05/02/1986,0,2012/13,2012/13
Shaun Wright-Phillips, Midfielder, England,Queens Park Rangers,168cm,25/10/1981,1,2012/13,2012/13
Luke Shaw, Defender, England,Southampton,185cm,12/07/1995,0,2012/13,2012/13
Ryan Shawcross, Defender, England,Stoke City,191cm,04/10/1987,1,2012/13,2012/13
James Shea, Goalkeeper, England,Arsenal,185cm,16/06/1991,0,2012/13,2012/13
Itay Shechter, Forward, Israel,Swansea City  (Loan),178cm,22/02/1987,1,2012/13,2012/13
Karl Sheppard, Forward, Ireland,Reading,181cm,14/02/1991,0,2012/13,2012/13
Shola Ameobi, Forward, Nigeria,Newcastle United,190cm,12/10/1981,1,2012/13,2012/13
Nicky Shorey, Defender, England,Reading,175cm,19/02/1981,0,2012/13,2012/13
Ryan Shotton, Defender, England,Stoke City,191cm,30/10/1988,0,2012/13,2012/13
Mamady Sidibe, Forward, Mali,Sheffield Wednesday,193cm,18/12/1979,0,2012/13,2012/13
Steve Sidwell, Midfielder, England,Fulham,178cm,14/12/1982,4,2012/13,2012/13
Benjamin Siegrist, Goalkeeper, Switzerland,Aston Villa,194cm,31/01/1992,0,2012/13,2012/13
Gylfi Sigurdsson, Midfielder, Iceland,Tottenham Hotspur,186cm,08/09/1989,3,2012/13,2012/13
David Silva, Midfielder, Spain,Manchester City,170cm,08/01/1986,4,2012/13,2012/13
Bradley Simmonds, Midfielder, England,Queens Park Rangers,179cm,17/09/1994,0,2012/13,2012/13
Danny Simpson, Defender, England,Newcastle United,176cm,04/01/1987,0,2012/13,2012/13
Jerome Sinclair, Forward, England,Liverpool,173cm,20/09/1996,0,2012/13,2012/13
Moussa Sissoko, Midfielder, France,Newcastle United,187cm,16/08/1989,3,2012/13,2012/13
Petros Skapetis, Forward, Australia,Queens Park Rangers,177cm,13/01/1995,0,2012/13,2012/13
Martin Skrtel, Defender, Slovakia,Liverpool,191cm,15/12/1984,2,2012/13,2012/13
Chris Smalling, Defender, England,Manchester United,194cm,22/11/1989,0,2012/13,2012/13
Alex Smith, Defender, England,Fulham,175cm,31/10/1991,0,2012/13,2012/13
Robert Snodgrass, Midfielder, Scotland,Norwich City,182cm,07/09/1987,6,2012/13,2012/13
Csaba Somogyi, Goalkeeper, Hungary,Fulham,190cm,07/04/1985,0,2012/13,2012/13
Alexandre Song, Midfielder, Cameroon,Arsenal,185cm,09/09/1987,0,2012/13,2012/13
Jay Spearing, Midfielder, England,Liverpool,171cm,25/11/1988,0,2012/13,2012/13
Jordan Spence, Defender, England,West Ham United,189cm,24/05/1990,0,2012/13,2012/13
Raphael Spiegel, Goalkeeper, Switzerland,West Ham United,197cm,19/12/1992,0,2012/13,2012/13
Mason Springthorpe, Goalkeeper, England,Everton,188cm,01/11/1994,0,2012/13,2012/13
Sébastien Squillaci, Defender, France,Arsenal,185cm,11/08/1980,0,2012/13,2012/13
Ronnie Stam, Defender, Netherlands,Wigan Athletic,175cm,18/06/1984,0,2012/13,2012/13
Jed Steer, Goalkeeper, England,Norwich City,183cm,23/09/1992,0,2012/13,2012/13
Stephen Kelly, Defender, Ireland,Reading,184cm,06/09/1983,0,2012/13,2012/13
Jack Stephens, Defender, England,Southampton,185cm,27/01/1994,0,2012/13,2012/13
Raheem Sterling, Forward, England,Liverpool,172cm,08/12/1994,2,2012/13,2012/13
Enda Stevens, Defender, Ireland,Aston Villa,183cm,09/07/1990,0,2012/13,2012/13
Kevin Stewart, Midfielder, Jamaica,Tottenham Hotspur,181cm,07/09/1993,0,2012/13,2012/13
David Stockdale, Goalkeeper, England,Fulham,191cm,20/09/1985,0,2012/13,2012/13
John Stones, Defender, England,Everton,188cm,28/05/1994,0,2012/13,2012/13
Remie Streete, Defender, England,Newcastle United,187cm,02/11/1994,0,2012/13,2012/13
Stuart Taylor, Goalkeeper, England,Reading,198cm,28/11/1980,0,2012/13,2012/13
Daniel Sturridge, Forward, England,Liverpool,188cm,01/09/1989,10,2012/13,2012/13
Luis Suárez, Forward, Uruguay,Liverpool,182cm,24/01/1987,23,2012/13,2012/13
Andrew Surman, Midfielder, England,Norwich City,178cm,20/08/1986,0,2012/13,2012/13
Suso, Midfielder, Spain,Liverpool,177cm,19/11/1993,0,2012/13,2012/13
Frankie Sutherland, Forward, Ireland,Queens Park Rangers,177cm,06/12/1993,0,2012/13,2012/13
Pierce Sweeney, Defender, Ireland,Reading,183cm,11/09/1994,0,2012/13,2012/13
Yacouba Sylla, Midfielder, Mali,Aston Villa,184cm,29/11/1990,0,2012/13,2012/13
Wojciech Szczesny, Goalkeeper, Poland,Arsenal,195cm,18/04/1990,0,2012/13,2012/13
Thomas Sørensen, Goalkeeper, Denmark,Stoke City,196cm,12/06/1976,0,2012/13,2012/13
Adel Taarabt, Midfielder, Morocco,Queens Park Rangers,178cm,24/05/1989,5,2012/13,2012/13
Jay Tabb, Midfielder, Ireland,Reading,170cm,21/02/1984,0,2012/13,2012/13
Gabriel Tamas, Defender, Romania,West Bromwich Albion,188cm,09/11/1983,0,2012/13,2012/13
Scott Tancock, Defender, Wales,Swansea City,185cm,29/12/1993,0,2012/13,2012/13
Muamer Tankovic, Forward, Sweden,Fulham,179cm,22/02/1995,0,2012/13,2012/13
Alan Tate, Defender, England,Leeds United,185cm,02/09/1982,0,2012/13,2012/13
Mickaël Tavares, Midfielder, Senegal,Fulham,186cm,25/10/1982,0,2012/13,2012/13
James Tavernier, Defender, England,Newcastle United,182cm,31/10/1991,0,2012/13,2012/13
Ryan Taylor, Defender, England,Newcastle United,173cm,19/08/1984,0,2012/13,2012/13
John Terry, Defender, England,Chelsea,187cm,07/12/1980,4,2012/13,2012/13
Alexander Tettey, Midfielder, Norway,Norwich City,180cm,04/04/1986,0,2012/13,2012/13
Carlos Tevez, Forward, Argentina,Manchester City,173cm,05/02/1984,11,2012/13,2012/13
Jerome Thomas, Midfielder, England,West Bromwich Albion,178cm,23/03/1983,0,2012/13,2012/13
George Thorne, Midfielder, England,West Bromwich Albion,188cm,04/01/1993,0,2012/13,2012/13
Tom Thorpe, Defender, England,Manchester United,185cm,13/01/1993,0,2012/13,2012/13
Dwight Tiendalli, Defender, Netherlands,Swansea City,180cm,21/10/1985,1,2012/13,2012/13
Marc Tierney, Defender, England,Norwich City,184cm,23/08/1985,0,2012/13,2012/13
Dylan Tombides, Forward, Australia,West Ham United,180cm,08/03/1994,0,2012/13,2012/13
James Tomkins, Defender, England,West Ham United,192cm,29/03/1989,1,2012/13,2012/13
Michael Tonge, Midfielder, England,Stoke City,183cm,07/04/1983,0,2012/13,2012/13
Fernando Torres, Forward, Spain,Chelsea,186cm,20/03/1984,8,2012/13,2012/13
Yaya Touré, Midfielder, Cote D’Ivoire,Manchester City,188cm,13/05/1983,7,2012/13,2012/13
Andros Townsend, Midfielder, England,Queens Park Rangers  (Loan),181cm,16/07/1991,2,2012/13,2012/13
Armand Traore, Defender, Senegal,Queens Park Rangers,185cm,08/10/1989,0,2012/13,2012/13
Gerhard Tremmel, Goalkeeper, Germany,Swansea City,190cm,16/11/1978,0,2012/13,2012/13
Marcello Trotta, Forward, Italy,Fulham,188cm,29/09/1992,0,2012/13,2012/13
Ryan Tunnicliffe, Midfielder, England,Barnsley,183cm,30/12/1992,0,2012/13,2012/13
Blair Turgott, Forward, Jamaica,Bradford City,183cm,22/05/1994,0,2012/13,2012/13
Ross Turnbull, Goalkeeper, England,Chelsea,193cm,04/01/1985,0,2012/13,2012/13
Michael Turner, Defender, England,Norwich City,193cm,09/11/1983,3,2012/13,2012/13
Matt Upson, Defender, England,Stoke City,185cm,18/04/1979,1,2012/13,2012/13
Antonio Valencia, Defender, Ecuador,Manchester United,180cm,04/08/1985,1,2012/13,2012/13
Patrick van Aanholt, Defender, Netherlands,Chelsea,176cm,29/08/1990,0,2012/13,2012/13
Rafael van der Vaart, Midfielder, Netherlands,Tottenham Hotspur,176cm,11/02/1983,0,2012/13,2012/13
Robin van Persie, Forward, Netherlands,Manchester United,183cm,06/08/1983,26,2012/13,2012/13
James Vaughan, Forward, England,Norwich City,181cm,14/07/1988,0,2012/13,2012/13
Apostolos Vellios, Forward, Greece,Everton,191cm,08/01/1992,0,2012/13,2012/13
Thomas Vermaelen, Defender, Belgium,Arsenal,183cm,14/11/1985,0,2012/13,2012/13
Jan Vertonghen, Defender, Belgium,Tottenham Hotspur,189cm,24/04/1987,4,2012/13,2012/13
Frédéric Veseli, Defender, Albania,Manchester United,183cm,20/11/1992,0,2012/13,2012/13
Nemanja Vidic, Defender, Serbia,Manchester United,189cm,21/10/1981,1,2012/13,2012/13
Ron Vlaar, Defender, Netherlands,Aston Villa,189cm,16/02/1985,2,2012/13,2012/13
Michel Vorm, Goalkeeper, Netherlands,Swansea City,183cm,20/10/1983,0,2012/13,2012/13
Dominic Vose, Forward, England,West Ham United,173cm,23/11/1993,0,2012/13,2012/13
Haris Vuckic, Forward, Slovenia,Newcastle United,186cm,21/08/1992,0,2012/13,2012/13
Reece Wabara, Defender, England,Blackpool,182cm,28/12/1991,0,2012/13,2012/13
Theo Walcott, Forward, England,Arsenal,176cm,16/03/1989,14,2012/13,2012/13
Sam Walker, Goalkeeper, England,Bristol Rovers,199cm,02/10/1991,0,2012/13,2012/13
Jonathan Walters, Forward, Ireland,Stoke City,183cm,20/09/1983,8,2012/13,2012/13
Danny Ward, Goalkeeper, Wales,Liverpool,191cm,22/06/1993,0,2012/13,2012/13
James Ward-Prowse, Midfielder, England,Southampton,173cm,01/11/1994,0,2012/13,2012/13
Stephen Warnock, Defender, England,Bolton Wanderers,175cm,12/12/1981,0,2012/13,2012/13
Ben Watson, Midfielder, England,Wigan Athletic,178cm,09/07/1985,1,2012/13,2012/13
Andreas Weimann, Midfielder, Austria,Aston Villa,179cm,05/08/1991,7,2012/13,2012/13
Vladimír Weiss, Midfielder, Slovakia,Manchester City,173cm,30/11/1989,0,2012/13,2012/13
Danny Welbeck, Forward, England,Manchester United,185cm,26/11/1990,1,2012/13,2012/13
Wellington Paulista, Forward, Brazil,West Ham United  (Loan),183cm,22/04/1984,0,2012/13,2012/13
Wellington Silva, Midfielder, Brazil,Arsenal,173cm,06/01/1993,0,2012/13,2012/13
Ashley Westwood, Midfielder, England,Aston Villa,175cm,01/04/1990,0,2012/13,2012/13
Glenn Whelan, Midfielder, Ireland,Stoke City,180cm,13/01/1984,0,2012/13,2012/13
Dean Whitehead, Midfielder, England,Stoke City,180cm,12/01/1982,1,2012/13,2012/13
Steven Whittaker, Defender, Scotland,Norwich City,185cm,16/06/1984,1,2012/13,2012/13
Connor Wickham, Forward, England,Sunderland,191cm,31/03/1993,0,2012/13,2012/13
Andy Wilkinson, Defender, England,Stoke City,180cm,06/08/1984,0,2012/13,2012/13
Derrick Williams, Defender, Ireland,Aston Villa,180cm,17/01/1993,0,2012/13,2012/13
Mike Williamson, Defender, England,Newcastle United,191cm,08/11/1983,0,2012/13,2012/13
Jack Wilshere, Midfielder, England,Arsenal,172cm,01/01/1992,0,2012/13,2012/13
Danny Wilson, Defender, Scotland,Bristol City,187cm,27/12/1991,0,2012/13,2012/13
Wilson Palacios, Midfielder, Honduras,Stoke City,178cm,29/07/1984,0,2012/13,2012/13
Andre Wisdom, Defender, England,Liverpool,186cm,09/05/1993,0,2012/13,2012/13
Chris Wood, Forward, New Zealand,Millwall,191cm,07/12/1991,0,2012/13,2012/13
Scott Wootton, Defender, England,Peterborough United,188cm,12/09/1991,0,2012/13,2012/13
Richard Wright, Goalkeeper, England,Manchester City,188cm,05/11/1977,0,2012/13,2012/13
Jordan Wynter, Defender, England,Arsenal,185cm,24/11/1993,0,2012/13,2012/13
Xisco, Forward, Spain,Newcastle United,190cm,26/06/1986,0,2012/13,2012/13
Claudio Yacob, Midfielder, Argentina,West Bromwich Albion,181cm,18/07/1987,0,2012/13,2012/13
Mapou Yanga-Mbiwa, Defender, France,Newcastle United,184cm,15/05/1989,0,2012/13,2012/13
Samed Yesil, Forward, Germany,Liverpool,180cm,25/05/1994,0,2012/13,2012/13
Maya Yoshida, Defender, Japan,Southampton,189cm,24/08/1988,0,2012/13,2012/13
Ashley Young, Defender, England,Manchester United,175cm,09/07/1985,0,2012/13,2012/13
Yun Suk-Young, Defender, South Korea,Queens Park Rangers,182cm,13/02/1990,0,2012/13,2012/13
Pablo Zabaleta, Defender, Argentina,Manchester City,176cm,16/01/1985,2,2012/13,2012/13
Wilfried Zaha, Forward, Cote D’Ivoire,Manchester United,180cm,10/11/1992,0,2012/13,2012/13
Bobby Zamora, Forward, England,Queens Park Rangers,185cm,16/01/1981,4,2012/13,2012/13
